<?xml version="1.0" encoding="UTF-8"?>
<robot rpa="false" generated="20190923 10:00:17.042" generator="Robot 3.1 (Python 2.7.12 on win32)">
<suite source="C:\Users\kvas\Desktop\Assignment\automation\TestCases\Discovery\tc_discovery_shows.robot" id="s1" name="Tc Discovery Shows">
<kw type="setup" name="Set Init Env">
<kw name="Create Dictionary" library="BuiltIn">
<doc>Creates and returns a dictionary based on the given ``items``.</doc>
<assign>
<var>${show_details}</var>
</assign>
<msg timestamp="20190923 10:00:23.657" level="INFO">${show_details} = {}</msg>
<status status="PASS" endtime="20190923 10:00:23.657" starttime="20190923 10:00:23.657"></status>
</kw>
<kw name="Create List" library="BuiltIn">
<doc>Returns a list containing given items.</doc>
<assign>
<var>${favorite_selected_list}</var>
</assign>
<msg timestamp="20190923 10:00:23.657" level="INFO">${favorite_selected_list} = []</msg>
<status status="PASS" endtime="20190923 10:00:23.657" starttime="20190923 10:00:23.657"></status>
</kw>
<kw name="Set Suite Variable" library="BuiltIn">
<doc>Makes a variable available everywhere within the scope of the current suite.</doc>
<arguments>
<arg>${show_details}</arg>
</arguments>
<msg timestamp="20190923 10:00:23.657" level="INFO">${show_details} = {}</msg>
<status status="PASS" endtime="20190923 10:00:23.657" starttime="20190923 10:00:23.657"></status>
</kw>
<kw name="Set Suite Variable" library="BuiltIn">
<doc>Makes a variable available everywhere within the scope of the current suite.</doc>
<arguments>
<arg>${favorite_selected_list}</arg>
</arguments>
<msg timestamp="20190923 10:00:23.661" level="INFO">${favorite_selected_list} = []</msg>
<status status="PASS" endtime="20190923 10:00:23.661" starttime="20190923 10:00:23.657"></status>
</kw>
<status status="PASS" endtime="20190923 10:00:23.661" starttime="20190923 10:00:23.657"></status>
</kw>
<test id="s1-t1" name="Verify the favorites status in Discovery.com">
<kw name="Given I open the web page with ${URL}" library="DiscoveryKeywords">
<kw name="Run Keyword" library="BuiltIn">
<doc>Executes the given keyword with the given arguments.</doc>
<arguments>
<arg>Open Url</arg>
<arg>${url}</arg>
</arguments>
<kw name="Open Url" library="DiscoveryComponent">
<doc>`Description:` This function is used to open Discovery portal page</doc>
<arguments>
<arg>${url}</arg>
</arguments>
<msg timestamp="20190923 10:00:42.616" level="INFO">Open URL successful</msg>
<status status="PASS" endtime="20190923 10:00:42.616" starttime="20190923 10:00:23.661"></status>
</kw>
<status status="PASS" endtime="20190923 10:00:42.616" starttime="20190923 10:00:23.661"></status>
</kw>
<status status="PASS" endtime="20190923 10:00:42.616" starttime="20190923 10:00:23.661"></status>
</kw>
<kw name="When I switch to &quot;see_all_shows&quot; page" library="DiscoveryKeywords">
<kw name="Create Dictionary" library="BuiltIn">
<doc>Creates and returns a dictionary based on the given ``items``.</doc>
<arguments>
<arg>page=${myNewPage}</arg>
</arguments>
<assign>
<var>&amp;{pageSwitch}</var>
</assign>
<msg timestamp="20190923 10:00:42.620" level="INFO">&amp;{pageSwitch} = { page=see_all_shows }</msg>
<status status="PASS" endtime="20190923 10:00:42.624" starttime="20190923 10:00:42.620"></status>
</kw>
<kw name="Run Keyword" library="BuiltIn">
<doc>Executes the given keyword with the given arguments.</doc>
<arguments>
<arg>Switch Page</arg>
<arg>&amp;{pageSwitch}</arg>
</arguments>
<kw name="Switch Page" library="DiscoveryComponent">
<doc>`Description:` Switch any page</doc>
<arguments>
<arg>&amp;{pageSwitch}</arg>
</arguments>
<msg timestamp="20190923 10:00:42.624" level="INFO">{'ELEMENT_TYPE': 'span', 'BY_TYPE': 'xpath', 'BY_VALUE': '//span[@class=\'dscHeaderMain__topNavText\' and contains(text(),"Shows")]'}</msg>
<msg timestamp="20190923 10:00:42.687" level="INFO">{'ELEMENT_TYPE': 'span', 'BY_TYPE': 'xpath', 'BY_VALUE': '//span[@class=\'dscHeaderMain__topNavText\' and contains(text(),"Shows")]'}</msg>
<msg timestamp="20190923 10:00:43.027" level="INFO">{'ELEMENT_TYPE': 'div', 'BY_TYPE': 'xpath', 'BY_VALUE': '//div[@id="show-drop-desktop"]'}</msg>
<msg timestamp="20190923 10:00:44.295" level="INFO">{'ELEMENT_TYPE': 'a', 'BY_TYPE': 'xpath', 'BY_VALUE': '//div[@id="show-drop-desktop"]/ul/li[12]/div/a'}</msg>
<msg timestamp="20190923 10:00:44.451" level="INFO">{'ELEMENT_TYPE': 'a', 'BY_TYPE': 'xpath', 'BY_VALUE': '//div[@id="show-drop-desktop"]/ul/li[12]/div/a'}</msg>
<msg timestamp="20190923 10:00:45.019" level="INFO">{'ELEMENT_TYPE': 'h1', 'BY_TYPE': 'xpath', 'BY_VALUE': "//h1[@class='allShowsHeader__heading']"}</msg>
<msg timestamp="20190923 10:00:47.526" level="INFO">IN MAIN:
IN COMMON SWITCH
{u'page': u'see_all_shows'}</msg>
<status status="PASS" endtime="20190923 10:00:47.526" starttime="20190923 10:00:42.624"></status>
</kw>
<status status="PASS" endtime="20190923 10:00:47.526" starttime="20190923 10:00:42.624"></status>
</kw>
<status status="PASS" endtime="20190923 10:00:47.526" starttime="20190923 10:00:42.620"></status>
</kw>
<kw name="Set To Dictionary" library="Collections">
<doc>Adds the given ``key_value_pairs`` and ``items`` to the ``dictionary``.</doc>
<arguments>
<arg>${show_details}</arg>
<arg>show_name</arg>
<arg>${show_name}</arg>
</arguments>
<status status="PASS" endtime="20190923 10:00:47.530" starttime="20190923 10:00:47.530"></status>
</kw>
<kw name="And I select the show and return title" library="DiscoveryKeywords">
<arguments>
<arg>&amp;{show_details}</arg>
</arguments>
<kw name="Run Keyword" library="BuiltIn">
<doc>Executes the given keyword with the given arguments.</doc>
<arguments>
<arg>select_show_and_return_title</arg>
<arg>&amp;{show_info}</arg>
</arguments>
<assign>
<var>${show_title_list}</var>
<var>${result}</var>
</assign>
<kw name="Select Show And Return Title" library="DiscoveryComponent">
<doc>`Description:` To select any show</doc>
<arguments>
<arg>&amp;{show_info}</arg>
</arguments>
<msg timestamp="20190923 10:00:47.534" level="INFO">{'ELEMENT_TYPE': 'img', 'BY_TYPE': 'xpath', 'BY_VALUE': "//img[@src='https://api.discovery.com/v1/images/5d1c1e5085aeee22b74251c5?aspectRatio=original&amp;width=&amp;height=45&amp;key=3020a40c2356a645b4b4']"}</msg>
<msg timestamp="20190923 10:00:52.284" level="INFO">{'ELEMENT_TYPE': 'img', 'BY_TYPE': 'xpath', 'BY_VALUE': "//img[@src='https://api.discovery.com/v1/images/5d1c1e5085aeee22b74251c5?aspectRatio=original&amp;width=&amp;height=45&amp;key=3020a40c2356a645b4b4']"}</msg>
<msg timestamp="20190923 10:00:53.423" level="INFO">{'ELEMENT_TYPE': 'img', 'BY_TYPE': 'xpath', 'BY_VALUE': "//img[@src='https://api.discovery.com/v1/images/5d1c1e5085aeee22b74251c5?aspectRatio=original&amp;width=&amp;height=45&amp;key=3020a40c2356a645b4b4']"}</msg>
<msg timestamp="20190923 10:00:53.551" level="INFO">{'ELEMENT_TYPE': 'img', 'BY_TYPE': 'xpath', 'BY_VALUE': "//img[@src='https://api.discovery.com/v1/images/5d1c1e5085aeee22b74251c5?aspectRatio=original&amp;width=&amp;height=45&amp;key=3020a40c2356a645b4b4']"}</msg>
<msg timestamp="20190923 10:00:53.687" level="INFO">IN MAIN:</msg>
<status status="PASS" endtime="20190923 10:00:53.687" starttime="20190923 10:00:47.534"></status>
</kw>
<msg timestamp="20190923 10:00:53.687" level="INFO">${show_title_list} = ['&lt;selenium.webdriver.remote.webelement.WebElement (session="420f2461fec4d9183162329755042b3a", element="0.9675803952982074-5")&gt;']</msg>
<msg timestamp="20190923 10:00:53.687" level="INFO">${result} = True</msg>
<status status="PASS" endtime="20190923 10:00:53.687" starttime="20190923 10:00:47.530"></status>
</kw>
<kw name="Should Be True" library="BuiltIn">
<doc>Fails if the given condition is not true.</doc>
<arguments>
<arg>${result}</arg>
</arguments>
<status status="PASS" endtime="20190923 10:00:53.687" starttime="20190923 10:00:53.687"></status>
</kw>
<status status="PASS" endtime="20190923 10:00:53.687" starttime="20190923 10:00:47.530"></status>
</kw>
<kw name="Then I verify favorites status" library="DiscoveryKeywords">
<kw name="Run Keyword" library="BuiltIn">
<doc>Executes the given keyword with the given arguments.</doc>
<arguments>
<arg>verify_favorites_status</arg>
</arguments>
<kw name="Verify Favorites Status" library="DiscoveryComponent">
<doc>`Description:` To verify the Favorites status</doc>
<msg timestamp="20190923 10:00:53.691" level="INFO">None</msg>
<msg timestamp="20190923 10:00:53.691" level="ERROR">element_finder - No or more than 1 element returned for provided locator(&lt;type 'exceptions.Exception'&gt;, Exception('No element returned for provided locator &lt;favorites_plus&gt;',), &lt;traceback object at 0x04229BE8&gt;)</msg>
<msg timestamp="20190923 10:00:54.711" level="INFO">IN MAIN:
Browser- element_finder - No or more than 1 element returned for provided locator
C:\Users\kvas\Desktop\Assignment\automation\\reports\report_2019-09-23\verify_favorites_status10_00_53.847000.png</msg>
<status status="PASS" endtime="20190923 10:00:54.711" starttime="20190923 10:00:53.691"></status>
</kw>
<status status="PASS" endtime="20190923 10:00:54.711" starttime="20190923 10:00:53.691"></status>
</kw>
<status status="PASS" endtime="20190923 10:00:54.715" starttime="20190923 10:00:53.691"></status>
</kw>
<kw name="Copy List" library="Collections">
<doc>Returns a copy of the given list.</doc>
<arguments>
<arg>${favorite_show_list}</arg>
</arguments>
<assign>
<var>@{favorite_show_list}</var>
</assign>
<msg timestamp="20190923 10:00:54.715" level="INFO">@{favorite_show_list} = [ APOLLO | SAVAGE_BUILDS ]</msg>
<status status="PASS" endtime="20190923 10:00:54.715" starttime="20190923 10:00:54.715"></status>
</kw>
<kw type="for" name="${show} IN [ @{favorite_show_list} ]">
<kw type="foritem" name="${show} = APOLLO">
<kw name="When I switch to &quot;see_all_shows&quot; page" library="DiscoveryKeywords">
<kw name="Create Dictionary" library="BuiltIn">
<doc>Creates and returns a dictionary based on the given ``items``.</doc>
<arguments>
<arg>page=${myNewPage}</arg>
</arguments>
<assign>
<var>&amp;{pageSwitch}</var>
</assign>
<msg timestamp="20190923 10:00:54.719" level="INFO">&amp;{pageSwitch} = { page=see_all_shows }</msg>
<status status="PASS" endtime="20190923 10:00:54.719" starttime="20190923 10:00:54.719"></status>
</kw>
<kw name="Run Keyword" library="BuiltIn">
<doc>Executes the given keyword with the given arguments.</doc>
<arguments>
<arg>Switch Page</arg>
<arg>&amp;{pageSwitch}</arg>
</arguments>
<kw name="Switch Page" library="DiscoveryComponent">
<doc>`Description:` Switch any page</doc>
<arguments>
<arg>&amp;{pageSwitch}</arg>
</arguments>
<msg timestamp="20190923 10:00:54.723" level="INFO">{'ELEMENT_TYPE': 'span', 'BY_TYPE': 'xpath', 'BY_VALUE': '//span[@class=\'dscHeaderMain__topNavText\' and contains(text(),"Shows")]'}</msg>
<msg timestamp="20190923 10:00:54.879" level="INFO">{'ELEMENT_TYPE': 'span', 'BY_TYPE': 'xpath', 'BY_VALUE': '//span[@class=\'dscHeaderMain__topNavText\' and contains(text(),"Shows")]'}</msg>
<msg timestamp="20190923 10:00:54.979" level="INFO">{'ELEMENT_TYPE': 'div', 'BY_TYPE': 'xpath', 'BY_VALUE': '//div[@id="show-drop-desktop"]'}</msg>
<msg timestamp="20190923 10:00:56.035" level="INFO">{'ELEMENT_TYPE': 'a', 'BY_TYPE': 'xpath', 'BY_VALUE': '//div[@id="show-drop-desktop"]/ul/li[12]/div/a'}</msg>
<msg timestamp="20190923 10:00:56.283" level="INFO">{'ELEMENT_TYPE': 'a', 'BY_TYPE': 'xpath', 'BY_VALUE': '//div[@id="show-drop-desktop"]/ul/li[12]/div/a'}</msg>
<msg timestamp="20190923 10:00:56.475" level="INFO">{'ELEMENT_TYPE': 'h1', 'BY_TYPE': 'xpath', 'BY_VALUE': "//h1[@class='allShowsHeader__heading']"}</msg>
<msg timestamp="20190923 10:00:56.890" level="INFO">IN MAIN:
IN COMMON SWITCH
{u'page': u'see_all_shows'}</msg>
<status status="PASS" endtime="20190923 10:00:56.890" starttime="20190923 10:00:54.719"></status>
</kw>
<status status="PASS" endtime="20190923 10:00:56.890" starttime="20190923 10:00:54.719"></status>
</kw>
<status status="PASS" endtime="20190923 10:00:56.894" starttime="20190923 10:00:54.715"></status>
</kw>
<kw name="Set To Dictionary" library="Collections">
<doc>Adds the given ``key_value_pairs`` and ``items`` to the ``dictionary``.</doc>
<arguments>
<arg>${show_details}</arg>
<arg>show_name</arg>
<arg>${show}</arg>
</arguments>
<status status="PASS" endtime="20190923 10:00:56.894" starttime="20190923 10:00:56.894"></status>
</kw>
<kw name="Then I add show to favorite list" library="DiscoveryKeywords">
<arguments>
<arg>&amp;{show_details}</arg>
</arguments>
<assign>
<var>${show_title_list}</var>
</assign>
<kw name="Run Keyword" library="BuiltIn">
<doc>Executes the given keyword with the given arguments.</doc>
<arguments>
<arg>add_show_to_favorite_list</arg>
<arg>&amp;{favorite_button_info}</arg>
</arguments>
<assign>
<var>${show_title_list}</var>
<var>${result}</var>
</assign>
<kw name="Add Show To Favorite List" library="DiscoveryComponent">
<doc>`Description:` To verify the Favorites status</doc>
<arguments>
<arg>&amp;{favorite_button_info}</arg>
</arguments>
<msg timestamp="20190923 10:00:56.898" level="INFO">{'ELEMENT_TYPE': 'img', 'BY_TYPE': 'xpath', 'BY_VALUE': "//img[@src='https://api.discovery.com/v1/images/5d1c1e5085aeee22b74251c5?aspectRatio=original&amp;width=&amp;height=45&amp;key=3020a40c2356a645b4b4']"}</msg>
<msg timestamp="20190923 10:00:56.938" level="INFO">{'ELEMENT_TYPE': 'img', 'BY_TYPE': 'xpath', 'BY_VALUE': "//img[@src='https://api.discovery.com/v1/images/5d1c1e5085aeee22b74251c5?aspectRatio=original&amp;width=&amp;height=45&amp;key=3020a40c2356a645b4b4']"}</msg>
<msg timestamp="20190923 10:00:58.026" level="INFO">{'ELEMENT_TYPE': 'img', 'BY_TYPE': 'xpath', 'BY_VALUE': "//img[@src='https://api.discovery.com/v1/images/5d1c1e5085aeee22b74251c5?aspectRatio=original&amp;width=&amp;height=45&amp;key=3020a40c2356a645b4b4']"}</msg>
<msg timestamp="20190923 10:00:58.306" level="INFO">{'ELEMENT_TYPE': 'img', 'BY_TYPE': 'xpath', 'BY_VALUE': "//img[@src='https://api.discovery.com/v1/images/5d1c1e5085aeee22b74251c5?aspectRatio=original&amp;width=&amp;height=45&amp;key=3020a40c2356a645b4b4']"}</msg>
<msg timestamp="20190923 10:00:58.922" level="INFO">{'ELEMENT_TYPE': 'i', 'BY_TYPE': 'xpath', 'BY_VALUE': '//*[@id="react-root"]/div/div[1]/main/section[1]/div/div[1]/div[2]/div[1]/span/i[@class=\'flipIconCore__icon icon-plus \']'}</msg>
<msg timestamp="20190923 10:00:59.006" level="INFO">{'ELEMENT_TYPE': 'i', 'BY_TYPE': 'xpath', 'BY_VALUE': '//*[@id="react-root"]/div/div[1]/main/section[1]/div/div[1]/div[2]/div[1]/span/i[@class=\'flipIconCore__icon icon-plus \']'}</msg>
<msg timestamp="20190923 10:00:59.078" level="INFO">{'ELEMENT_TYPE': 'i', 'BY_TYPE': 'xpath', 'BY_VALUE': '//*[@id="react-root"]/div/div[1]/main/section[1]/div/div[1]/div[2]/div[1]/span/i[@class=\'flipIconCore__icon icon-plus \']'}</msg>
<msg timestamp="20190923 10:00:59.158" level="INFO">{'ELEMENT_TYPE': 'i', 'BY_TYPE': 'xpath', 'BY_VALUE': "//i[@class='flipIconCore__icon icon-minus ']"}</msg>
<msg timestamp="20190923 10:01:00.325" level="INFO">{'ELEMENT_TYPE': 'i', 'BY_TYPE': 'xpath', 'BY_VALUE': "//i[@class='flipIconCore__icon icon-minus ']"}</msg>
<msg timestamp="20190923 10:01:01.377" level="INFO">IN MAIN:
favorites is not set and it is a + icon
favorites is already set and it is a - icon</msg>
<status status="PASS" endtime="20190923 10:01:01.377" starttime="20190923 10:00:56.898"></status>
</kw>
<msg timestamp="20190923 10:01:01.377" level="INFO">${show_title_list} = ['&lt;selenium.webdriver.remote.webelement.WebElement (session="420f2461fec4d9183162329755042b3a", element="0.9675803952982074-10")&gt;']</msg>
<msg timestamp="20190923 10:01:01.377" level="INFO">${result} = True</msg>
<status status="PASS" endtime="20190923 10:01:01.377" starttime="20190923 10:00:56.894"></status>
</kw>
<kw name="Should Be True" library="BuiltIn">
<doc>Fails if the given condition is not true.</doc>
<arguments>
<arg>${result}</arg>
</arguments>
<status status="PASS" endtime="20190923 10:01:01.377" starttime="20190923 10:01:01.377"></status>
</kw>
<msg timestamp="20190923 10:01:01.381" level="INFO">${show_title_list} = ['&lt;selenium.webdriver.remote.webelement.WebElement (session="420f2461fec4d9183162329755042b3a", element="0.9675803952982074-10")&gt;']</msg>
<status status="PASS" endtime="20190923 10:01:01.381" starttime="20190923 10:00:56.894"></status>
</kw>
<kw name="Combine Lists" library="Collections">
<doc>Combines the given ``lists`` together and returns the result.</doc>
<arguments>
<arg>${favorite_selected_list}</arg>
<arg>${show_title_list}</arg>
</arguments>
<assign>
<var>@{favorite_selected_list}</var>
</assign>
<msg timestamp="20190923 10:01:01.381" level="INFO">@{favorite_selected_list} = [ &lt;selenium.webdriver.remote.webelement.WebElement (session="420f2461fec4d9183162329755042b3a", element="0.9675803952982074-10")&gt; ]</msg>
<status status="PASS" endtime="20190923 10:01:01.381" starttime="20190923 10:01:01.381"></status>
</kw>
<status status="PASS" endtime="20190923 10:01:01.381" starttime="20190923 10:00:54.715"></status>
</kw>
<kw type="foritem" name="${show} = SAVAGE_BUILDS">
<kw name="When I switch to &quot;see_all_shows&quot; page" library="DiscoveryKeywords">
<kw name="Create Dictionary" library="BuiltIn">
<doc>Creates and returns a dictionary based on the given ``items``.</doc>
<arguments>
<arg>page=${myNewPage}</arg>
</arguments>
<assign>
<var>&amp;{pageSwitch}</var>
</assign>
<msg timestamp="20190923 10:01:01.385" level="INFO">&amp;{pageSwitch} = { page=see_all_shows }</msg>
<status status="PASS" endtime="20190923 10:01:01.393" starttime="20190923 10:01:01.385"></status>
</kw>
<kw name="Run Keyword" library="BuiltIn">
<doc>Executes the given keyword with the given arguments.</doc>
<arguments>
<arg>Switch Page</arg>
<arg>&amp;{pageSwitch}</arg>
</arguments>
<kw name="Switch Page" library="DiscoveryComponent">
<doc>`Description:` Switch any page</doc>
<arguments>
<arg>&amp;{pageSwitch}</arg>
</arguments>
<msg timestamp="20190923 10:01:01.397" level="INFO">{'ELEMENT_TYPE': 'span', 'BY_TYPE': 'xpath', 'BY_VALUE': '//span[@class=\'dscHeaderMain__topNavText\' and contains(text(),"Shows")]'}</msg>
<msg timestamp="20190923 10:01:01.533" level="INFO">{'ELEMENT_TYPE': 'span', 'BY_TYPE': 'xpath', 'BY_VALUE': '//span[@class=\'dscHeaderMain__topNavText\' and contains(text(),"Shows")]'}</msg>
<msg timestamp="20190923 10:01:01.726" level="INFO">{'ELEMENT_TYPE': 'div', 'BY_TYPE': 'xpath', 'BY_VALUE': '//div[@id="show-drop-desktop"]'}</msg>
<msg timestamp="20190923 10:01:02.800" level="INFO">{'ELEMENT_TYPE': 'a', 'BY_TYPE': 'xpath', 'BY_VALUE': '//div[@id="show-drop-desktop"]/ul/li[12]/div/a'}</msg>
<msg timestamp="20190923 10:01:02.864" level="INFO">{'ELEMENT_TYPE': 'a', 'BY_TYPE': 'xpath', 'BY_VALUE': '//div[@id="show-drop-desktop"]/ul/li[12]/div/a'}</msg>
<msg timestamp="20190923 10:01:03.022" level="INFO">{'ELEMENT_TYPE': 'h1', 'BY_TYPE': 'xpath', 'BY_VALUE': "//h1[@class='allShowsHeader__heading']"}</msg>
<msg timestamp="20190923 10:01:03.450" level="INFO">IN MAIN:
IN COMMON SWITCH
{u'page': u'see_all_shows'}</msg>
<status status="PASS" endtime="20190923 10:01:03.450" starttime="20190923 10:01:01.393"></status>
</kw>
<status status="PASS" endtime="20190923 10:01:03.450" starttime="20190923 10:01:01.393"></status>
</kw>
<status status="PASS" endtime="20190923 10:01:03.450" starttime="20190923 10:01:01.381"></status>
</kw>
<kw name="Set To Dictionary" library="Collections">
<doc>Adds the given ``key_value_pairs`` and ``items`` to the ``dictionary``.</doc>
<arguments>
<arg>${show_details}</arg>
<arg>show_name</arg>
<arg>${show}</arg>
</arguments>
<status status="PASS" endtime="20190923 10:01:03.454" starttime="20190923 10:01:03.450"></status>
</kw>
<kw name="Then I add show to favorite list" library="DiscoveryKeywords">
<arguments>
<arg>&amp;{show_details}</arg>
</arguments>
<assign>
<var>${show_title_list}</var>
</assign>
<kw name="Run Keyword" library="BuiltIn">
<doc>Executes the given keyword with the given arguments.</doc>
<arguments>
<arg>add_show_to_favorite_list</arg>
<arg>&amp;{favorite_button_info}</arg>
</arguments>
<assign>
<var>${show_title_list}</var>
<var>${result}</var>
</assign>
<kw name="Add Show To Favorite List" library="DiscoveryComponent">
<doc>`Description:` To verify the Favorites status</doc>
<arguments>
<arg>&amp;{favorite_button_info}</arg>
</arguments>
<msg timestamp="20190923 10:01:03.458" level="INFO">{'ELEMENT_TYPE': 'img', 'BY_TYPE': 'xpath', 'BY_VALUE': "//img[@src='https://api.discovery.com/v1/images/5cf96cc885aeee22b74239c3?aspectRatio=16x9&amp;width=462&amp;key=3020a40c2356a645b4b4']"}</msg>
<msg timestamp="20190923 10:01:03.501" level="INFO">{'ELEMENT_TYPE': 'img', 'BY_TYPE': 'xpath', 'BY_VALUE': "//img[@src='https://api.discovery.com/v1/images/5cf96cc885aeee22b74239c3?aspectRatio=16x9&amp;width=462&amp;key=3020a40c2356a645b4b4']"}</msg>
<msg timestamp="20190923 10:01:04.583" level="INFO">{'ELEMENT_TYPE': 'img', 'BY_TYPE': 'xpath', 'BY_VALUE': "//img[@src='https://api.discovery.com/v1/images/5cf96cc885aeee22b74239c3?aspectRatio=16x9&amp;width=462&amp;key=3020a40c2356a645b4b4']"}</msg>
<msg timestamp="20190923 10:01:04.681" level="INFO">{'ELEMENT_TYPE': 'img', 'BY_TYPE': 'xpath', 'BY_VALUE': "//img[@src='https://api.discovery.com/v1/images/5cf96cc885aeee22b74239c3?aspectRatio=16x9&amp;width=462&amp;key=3020a40c2356a645b4b4']"}</msg>
<msg timestamp="20190923 10:01:04.845" level="INFO">{'ELEMENT_TYPE': 'i', 'BY_TYPE': 'xpath', 'BY_VALUE': '//*[@id="react-root"]/div/div[1]/main/section[1]/div/div[1]/div[2]/div[1]/span/i[@class=\'flipIconCore__icon icon-plus \']'}</msg>
<msg timestamp="20190923 10:01:07.462" level="INFO">{'ELEMENT_TYPE': 'i', 'BY_TYPE': 'xpath', 'BY_VALUE': '//*[@id="react-root"]/div/div[1]/main/section[1]/div/div[1]/div[2]/div[1]/span/i[@class=\'flipIconCore__icon icon-plus \']'}</msg>
<msg timestamp="20190923 10:01:07.998" level="INFO">{'ELEMENT_TYPE': 'i', 'BY_TYPE': 'xpath', 'BY_VALUE': '//*[@id="react-root"]/div/div[1]/main/section[1]/div/div[1]/div[2]/div[1]/span/i[@class=\'flipIconCore__icon icon-plus \']'}</msg>
<msg timestamp="20190923 10:01:08.242" level="INFO">{'ELEMENT_TYPE': 'i', 'BY_TYPE': 'xpath', 'BY_VALUE': "//i[@class='flipIconCore__icon icon-minus ']"}</msg>
<msg timestamp="20190923 10:01:09.781" level="INFO">{'ELEMENT_TYPE': 'i', 'BY_TYPE': 'xpath', 'BY_VALUE': "//i[@class='flipIconCore__icon icon-minus ']"}</msg>
<msg timestamp="20190923 10:01:10.805" level="INFO">IN MAIN:
favorites is not set and it is a + icon
favorites is already set and it is a - icon</msg>
<status status="PASS" endtime="20190923 10:01:10.805" starttime="20190923 10:01:03.454"></status>
</kw>
<msg timestamp="20190923 10:01:10.805" level="INFO">${show_title_list} = ['&lt;selenium.webdriver.remote.webelement.WebElement (session="420f2461fec4d9183162329755042b3a", element="0.9675803952982074-16")&gt;']</msg>
<msg timestamp="20190923 10:01:10.805" level="INFO">${result} = True</msg>
<status status="PASS" endtime="20190923 10:01:10.805" starttime="20190923 10:01:03.454"></status>
</kw>
<kw name="Should Be True" library="BuiltIn">
<doc>Fails if the given condition is not true.</doc>
<arguments>
<arg>${result}</arg>
</arguments>
<status status="PASS" endtime="20190923 10:01:10.805" starttime="20190923 10:01:10.805"></status>
</kw>
<msg timestamp="20190923 10:01:10.805" level="INFO">${show_title_list} = ['&lt;selenium.webdriver.remote.webelement.WebElement (session="420f2461fec4d9183162329755042b3a", element="0.9675803952982074-16")&gt;']</msg>
<status status="PASS" endtime="20190923 10:01:10.805" starttime="20190923 10:01:03.454"></status>
</kw>
<kw name="Combine Lists" library="Collections">
<doc>Combines the given ``lists`` together and returns the result.</doc>
<arguments>
<arg>${favorite_selected_list}</arg>
<arg>${show_title_list}</arg>
</arguments>
<assign>
<var>@{favorite_selected_list}</var>
</assign>
<msg timestamp="20190923 10:01:10.805" level="INFO">@{favorite_selected_list} = [ &lt;selenium.webdriver.remote.webelement.WebElement (session="420f2461fec4d9183162329755042b3a", element="0.9675803952982074-10")&gt; | &lt;selenium.webdriver.remote.webelement.WebElement (session="420f2461f...</msg>
<status status="PASS" endtime="20190923 10:01:10.805" starttime="20190923 10:01:10.805"></status>
</kw>
<status status="PASS" endtime="20190923 10:01:10.805" starttime="20190923 10:01:01.381"></status>
</kw>
<status status="PASS" endtime="20190923 10:01:10.805" starttime="20190923 10:00:54.715"></status>
</kw>
<kw name="Log" library="BuiltIn">
<doc>Logs the given message with the given level.</doc>
<arguments>
<arg>${favorite_selected_list}</arg>
</arguments>
<msg timestamp="20190923 10:01:10.809" level="INFO">['&lt;selenium.webdriver.remote.webelement.WebElement (session="420f2461fec4d9183162329755042b3a", element="0.9675803952982074-10")&gt;', '&lt;selenium.webdriver.remote.webelement.WebElement (session="420f2461fec4d9183162329755042b3a", element="0.9675803952982074-16")&gt;']</msg>
<status status="PASS" endtime="20190923 10:01:10.809" starttime="20190923 10:01:10.809"></status>
</kw>
<kw name="When I switch to &quot;my_vedios&quot; page" library="DiscoveryKeywords">
<kw name="Create Dictionary" library="BuiltIn">
<doc>Creates and returns a dictionary based on the given ``items``.</doc>
<arguments>
<arg>page=${myNewPage}</arg>
</arguments>
<assign>
<var>&amp;{pageSwitch}</var>
</assign>
<msg timestamp="20190923 10:01:10.809" level="INFO">&amp;{pageSwitch} = { page=my_vedios }</msg>
<status status="PASS" endtime="20190923 10:01:10.809" starttime="20190923 10:01:10.809"></status>
</kw>
<kw name="Run Keyword" library="BuiltIn">
<doc>Executes the given keyword with the given arguments.</doc>
<arguments>
<arg>Switch Page</arg>
<arg>&amp;{pageSwitch}</arg>
</arguments>
<kw name="Switch Page" library="DiscoveryComponent">
<doc>`Description:` Switch any page</doc>
<arguments>
<arg>&amp;{pageSwitch}</arg>
</arguments>
<msg timestamp="20190923 10:01:10.809" level="INFO">{'ELEMENT_TYPE': 'nav', 'BY_TYPE': 'xpath', 'BY_VALUE': "//nav[@class='dscHeaderMain__topLinks dscHeaderMain__mainTopLinks']/ul/li[@class='dscHeaderMain__hideMobile']"}</msg>
<msg timestamp="20190923 10:01:10.865" level="INFO">{'ELEMENT_TYPE': 'nav', 'BY_TYPE': 'xpath', 'BY_VALUE': "//nav[@class='dscHeaderMain__topLinks dscHeaderMain__mainTopLinks']/ul/li[@class='dscHeaderMain__hideMobile']"}</msg>
<msg timestamp="20190923 10:01:10.993" level="INFO">{'ELEMENT_TYPE': 'a', 'BY_TYPE': 'xpath', 'BY_VALUE': "//a[@href='/my-videos']"}</msg>
<msg timestamp="20190923 10:01:12.104" level="INFO">{'ELEMENT_TYPE': 'a', 'BY_TYPE': 'xpath', 'BY_VALUE': "//a[@href='/my-videos']"}</msg>
<msg timestamp="20190923 10:01:12.344" level="INFO">{'ELEMENT_TYPE': 'h1', 'BY_TYPE': 'xpath', 'BY_VALUE': "//h1[@class='myVideosLayout__title']"}</msg>
<msg timestamp="20190923 10:01:14.348" level="INFO">IN MAIN:
IN COMMON SWITCH
{u'page': u'my_vedios'}</msg>
<status status="PASS" endtime="20190923 10:01:14.352" starttime="20190923 10:01:10.809"></status>
</kw>
<status status="PASS" endtime="20190923 10:01:14.352" starttime="20190923 10:01:10.809"></status>
</kw>
<status status="PASS" endtime="20190923 10:01:14.352" starttime="20190923 10:01:10.809"></status>
</kw>
<kw type="for" name="${show} IN [ @{favorite_show_list} ]">
<kw type="foritem" name="${show} = APOLLO">
<kw name="Set To Dictionary" library="Collections">
<doc>Adds the given ``key_value_pairs`` and ``items`` to the ``dictionary``.</doc>
<arguments>
<arg>${show_details}</arg>
<arg>show_name</arg>
<arg>${show}</arg>
</arguments>
<status status="PASS" endtime="20190923 10:01:14.352" starttime="20190923 10:01:14.352"></status>
</kw>
<kw name="I verify favorites shows" library="DiscoveryKeywords">
<arguments>
<arg>&amp;{show_details}</arg>
</arguments>
<kw name="Run Keyword" library="BuiltIn">
<doc>Executes the given keyword with the given arguments.</doc>
<arguments>
<arg>verify_favorites_shows</arg>
<arg>&amp;{show_list}</arg>
</arguments>
<assign>
<var>${result}</var>
</assign>
<kw name="Verify Favorites Shows" library="DiscoveryComponent">
<doc>`Description:` To verify favorites shows</doc>
<arguments>
<arg>&amp;{show_list}</arg>
</arguments>
<msg timestamp="20190923 10:01:14.356" level="INFO">{'ELEMENT_TYPE': 'img', 'BY_TYPE': 'xpath', 'BY_VALUE': "//img[@src='https://api.discovery.com/v1/images/5d1c1e5085aeee22b74251c5?aspectRatio=original&amp;width=&amp;height=45&amp;key=3020a40c2356a645b4b4']"}</msg>
<msg timestamp="20190923 10:01:16.239" level="INFO">IN MAIN:
Favorite show is verified</msg>
<status status="PASS" endtime="20190923 10:01:16.239" starttime="20190923 10:01:14.356"></status>
</kw>
<msg timestamp="20190923 10:01:16.239" level="INFO">${result} = True</msg>
<status status="PASS" endtime="20190923 10:01:16.243" starttime="20190923 10:01:14.356"></status>
</kw>
<kw name="Should Be True" library="BuiltIn">
<doc>Fails if the given condition is not true.</doc>
<arguments>
<arg>${result}</arg>
</arguments>
<status status="PASS" endtime="20190923 10:01:16.243" starttime="20190923 10:01:16.243"></status>
</kw>
<status status="PASS" endtime="20190923 10:01:16.243" starttime="20190923 10:01:14.352"></status>
</kw>
<status status="PASS" endtime="20190923 10:01:16.243" starttime="20190923 10:01:14.352"></status>
</kw>
<kw type="foritem" name="${show} = SAVAGE_BUILDS">
<kw name="Set To Dictionary" library="Collections">
<doc>Adds the given ``key_value_pairs`` and ``items`` to the ``dictionary``.</doc>
<arguments>
<arg>${show_details}</arg>
<arg>show_name</arg>
<arg>${show}</arg>
</arguments>
<status status="PASS" endtime="20190923 10:01:16.243" starttime="20190923 10:01:16.243"></status>
</kw>
<kw name="I verify favorites shows" library="DiscoveryKeywords">
<arguments>
<arg>&amp;{show_details}</arg>
</arguments>
<kw name="Run Keyword" library="BuiltIn">
<doc>Executes the given keyword with the given arguments.</doc>
<arguments>
<arg>verify_favorites_shows</arg>
<arg>&amp;{show_list}</arg>
</arguments>
<assign>
<var>${result}</var>
</assign>
<kw name="Verify Favorites Shows" library="DiscoveryComponent">
<doc>`Description:` To verify favorites shows</doc>
<arguments>
<arg>&amp;{show_list}</arg>
</arguments>
<msg timestamp="20190923 10:01:16.243" level="INFO">{'ELEMENT_TYPE': 'img', 'BY_TYPE': 'xpath', 'BY_VALUE': "//img[@src='https://api.discovery.com/v1/images/5cf96c8385aeee22b74239c2?aspectRatio=original&amp;width=&amp;height=45&amp;key=3020a40c2356a645b4b4']"}</msg>
<msg timestamp="20190923 10:01:16.291" level="INFO">IN MAIN:
Favorite show is verified</msg>
<status status="PASS" endtime="20190923 10:01:16.291" starttime="20190923 10:01:16.243"></status>
</kw>
<msg timestamp="20190923 10:01:16.291" level="INFO">${result} = True</msg>
<status status="PASS" endtime="20190923 10:01:16.291" starttime="20190923 10:01:16.243"></status>
</kw>
<kw name="Should Be True" library="BuiltIn">
<doc>Fails if the given condition is not true.</doc>
<arguments>
<arg>${result}</arg>
</arguments>
<status status="PASS" endtime="20190923 10:01:16.291" starttime="20190923 10:01:16.291"></status>
</kw>
<status status="PASS" endtime="20190923 10:01:16.291" starttime="20190923 10:01:16.243"></status>
</kw>
<status status="PASS" endtime="20190923 10:01:16.291" starttime="20190923 10:01:16.243"></status>
</kw>
<status status="PASS" endtime="20190923 10:01:16.291" starttime="20190923 10:01:14.352"></status>
</kw>
<tags>
<tag>Discovery</tag>
</tags>
<status status="PASS" endtime="20190923 10:01:16.295" critical="yes" starttime="20190923 10:00:23.661"></status>
</test>
<kw type="teardown" name="Close The Browsers" library="DiscoveryKeywords">
<kw name="Run Keyword" library="BuiltIn">
<doc>Executes the given keyword with the given arguments.</doc>
<arguments>
<arg>Close The Browser</arg>
</arguments>
<kw name="Close The Browser" library="DiscoveryComponent">
<doc>`Description:` Close the browser object</doc>
<status status="PASS" endtime="20190923 10:01:24.893" starttime="20190923 10:01:16.299"></status>
</kw>
<status status="PASS" endtime="20190923 10:01:24.893" starttime="20190923 10:01:16.299"></status>
</kw>
<status status="PASS" endtime="20190923 10:01:24.897" starttime="20190923 10:01:16.299"></status>
</kw>
<doc>This test case will navigate to "https://go.discovery.com/" and verify the fields</doc>
<status status="PASS" endtime="20190923 10:01:24.897" starttime="20190923 10:00:17.046"></status>
</suite>
<statistics>
<total>
<stat fail="0" pass="1">Critical Tests</stat>
<stat fail="0" pass="1">All Tests</stat>
</total>
<tag>
<stat fail="0" pass="1">Discovery</stat>
</tag>
<suite>
<stat fail="0" id="s1" name="Tc Discovery Shows" pass="1">Tc Discovery Shows</stat>
</suite>
</statistics>
<errors>
<msg timestamp="20190923 10:00:53.691" level="ERROR">element_finder - No or more than 1 element returned for provided locator(&lt;type 'exceptions.Exception'&gt;, Exception('No element returned for provided locator &lt;favorites_plus&gt;',), &lt;traceback object at 0x04229BE8&gt;)</msg>
</errors>
</robot>
