<?xml version="1.0" encoding="UTF-8"?>
<robot rpa="false" generated="20191105 11:19:51.035" generator="Robot 3.1.2 (Python 2.7.15+ on linux2)">
<suite source="/home/vasuja.kookkal/Desktop/Assignment/automation/TestCases/Discovery/tc_discovery_shows.robot" id="s1" name="Tc Discovery Shows">
<kw type="setup" name="Set Init Env">
<kw name="Create Dictionary" library="BuiltIn">
<doc>Creates and returns a dictionary based on the given ``items``.</doc>
<assign>
<var>${show_details}</var>
</assign>
<msg timestamp="20191105 11:19:52.721" level="INFO">${show_details} = {}</msg>
<status status="PASS" endtime="20191105 11:19:52.721" starttime="20191105 11:19:52.721"></status>
</kw>
<kw name="Create List" library="BuiltIn">
<doc>Returns a list containing given items.</doc>
<assign>
<var>${favorite_selected_list}</var>
</assign>
<msg timestamp="20191105 11:19:52.722" level="INFO">${favorite_selected_list} = []</msg>
<status status="PASS" endtime="20191105 11:19:52.722" starttime="20191105 11:19:52.722"></status>
</kw>
<kw name="Set Suite Variable" library="BuiltIn">
<doc>Makes a variable available everywhere within the scope of the current suite.</doc>
<arguments>
<arg>${show_details}</arg>
</arguments>
<msg timestamp="20191105 11:19:52.723" level="INFO">${show_details} = {}</msg>
<status status="PASS" endtime="20191105 11:19:52.723" starttime="20191105 11:19:52.723"></status>
</kw>
<kw name="Set Suite Variable" library="BuiltIn">
<doc>Makes a variable available everywhere within the scope of the current suite.</doc>
<arguments>
<arg>${favorite_selected_list}</arg>
</arguments>
<msg timestamp="20191105 11:19:52.724" level="INFO">${favorite_selected_list} = []</msg>
<status status="PASS" endtime="20191105 11:19:52.724" starttime="20191105 11:19:52.724"></status>
</kw>
<status status="PASS" endtime="20191105 11:19:52.724" starttime="20191105 11:19:52.720"></status>
</kw>
<test id="s1-t1" name="Verify the favorites status in Discovery.com">
<kw name="Given I open the web page with ${URL}" library="DiscoveryKeywords">
<kw name="Run Keyword" library="BuiltIn">
<doc>Executes the given keyword with the given arguments.</doc>
<arguments>
<arg>Open Url</arg>
<arg>${url}</arg>
</arguments>
<kw name="Open Url" library="DiscoveryComponent">
<doc>`Description:` This function is used to open Discovery portal page</doc>
<arguments>
<arg>${url}</arg>
</arguments>
<msg timestamp="20191105 11:20:04.378" level="INFO">Open URL successful</msg>
<status status="PASS" endtime="20191105 11:20:04.379" starttime="20191105 11:19:52.726"></status>
</kw>
<status status="PASS" endtime="20191105 11:20:04.379" starttime="20191105 11:19:52.726"></status>
</kw>
<status status="PASS" endtime="20191105 11:20:04.379" starttime="20191105 11:19:52.725"></status>
</kw>
<kw name="When I switch to &quot;see_all_shows&quot; page" library="DiscoveryKeywords">
<kw name="Create Dictionary" library="BuiltIn">
<doc>Creates and returns a dictionary based on the given ``items``.</doc>
<arguments>
<arg>page=${myNewPage}</arg>
</arguments>
<assign>
<var>&amp;{pageSwitch}</var>
</assign>
<msg timestamp="20191105 11:20:04.383" level="INFO">&amp;{pageSwitch} = { page=see_all_shows }</msg>
<status status="PASS" endtime="20191105 11:20:04.383" starttime="20191105 11:20:04.381"></status>
</kw>
<kw name="Run Keyword" library="BuiltIn">
<doc>Executes the given keyword with the given arguments.</doc>
<arguments>
<arg>Switch Page</arg>
<arg>&amp;{pageSwitch}</arg>
</arguments>
<kw name="Switch Page" library="DiscoveryComponent">
<doc>`Description:` Switch any page</doc>
<arguments>
<arg>&amp;{pageSwitch}</arg>
</arguments>
<msg timestamp="20191105 11:20:04.385" level="INFO">{'ELEMENT_TYPE': 'span', 'BY_TYPE': 'xpath', 'BY_VALUE': '//span[@class=\'dscHeaderMain__topNavText\' and contains(text(),"Shows")]'}</msg>
<msg timestamp="20191105 11:20:04.471" level="INFO">{'ELEMENT_TYPE': 'span', 'BY_TYPE': 'xpath', 'BY_VALUE': '//span[@class=\'dscHeaderMain__topNavText\' and contains(text(),"Shows")]'}</msg>
<msg timestamp="20191105 11:20:04.639" level="INFO">{'ELEMENT_TYPE': 'div', 'BY_TYPE': 'xpath', 'BY_VALUE': '//div[@id="show-drop-desktop"]'}</msg>
<msg timestamp="20191105 11:20:05.690" level="INFO">{'ELEMENT_TYPE': 'a', 'BY_TYPE': 'xpath', 'BY_VALUE': '//div[@id="show-drop-desktop"]/ul/li[12]/div/a'}</msg>
<msg timestamp="20191105 11:20:20.747" level="ERROR">element_finder - No or more than 1 element returned for provided locator(&lt;type 'exceptions.Exception'&gt;, Exception('0 elements found.',), &lt;traceback object at 0x7f621ac34cf8&gt;)</msg>
<msg timestamp="20191105 11:20:21.574" level="INFO">IN MAIN:
IN COMMON SWITCH
{u'page': u'see_all_shows'}
Browser- element_finder - No or more than 1 element returned for provided locator
Report path not found.Creating...
/home/vasuja.kookkal/Desktop/Assignment/automation/\reports\report_2019-11-05/switch_page11_20_20.792128.png</msg>
<msg timestamp="20191105 11:20:21.575" level="FAIL">Page Switch Failed!!</msg>
<status status="FAIL" endtime="20191105 11:20:21.575" starttime="20191105 11:20:04.384"></status>
</kw>
<status status="FAIL" endtime="20191105 11:20:21.575" starttime="20191105 11:20:04.383"></status>
</kw>
<status status="FAIL" endtime="20191105 11:20:21.575" starttime="20191105 11:20:04.380"></status>
</kw>
<tags>
<tag>Discovery</tag>
</tags>
<status status="FAIL" endtime="20191105 11:20:21.576" critical="yes" starttime="20191105 11:19:52.724">Page Switch Failed!!</status>
</test>
<kw type="teardown" name="Close The Browsers" library="DiscoveryKeywords">
<kw name="Run Keyword" library="BuiltIn">
<doc>Executes the given keyword with the given arguments.</doc>
<arguments>
<arg>Close The Browser</arg>
</arguments>
<kw name="Close The Browser" library="DiscoveryComponent">
<doc>`Description:` Close the browser object</doc>
<status status="PASS" endtime="20191105 11:20:23.666" starttime="20191105 11:20:21.577"></status>
</kw>
<status status="PASS" endtime="20191105 11:20:23.666" starttime="20191105 11:20:21.577"></status>
</kw>
<status status="PASS" endtime="20191105 11:20:23.667" starttime="20191105 11:20:21.576"></status>
</kw>
<doc>This test case will navigate to "https://go.discovery.com/" and verify the fields</doc>
<status status="FAIL" endtime="20191105 11:20:23.667" starttime="20191105 11:19:51.036"></status>
</suite>
<statistics>
<total>
<stat fail="1" pass="0">Critical Tests</stat>
<stat fail="1" pass="0">All Tests</stat>
</total>
<tag>
<stat fail="1" pass="0">Discovery</stat>
</tag>
<suite>
<stat fail="1" id="s1" name="Tc Discovery Shows" pass="0">Tc Discovery Shows</stat>
</suite>
</statistics>
<errors>
<msg timestamp="20191105 11:20:20.747" level="ERROR">element_finder - No or more than 1 element returned for provided locator(&lt;type 'exceptions.Exception'&gt;, Exception('0 elements found.',), &lt;traceback object at 0x7f621ac34cf8&gt;)</msg>
</errors>
</robot>
